<?xml version="1.0" encoding="UTF-8"?>
<project-private xmlns="http://www.netbeans.org/ns/project-private/1">
    <editor-bookmarks xmlns="http://www.netbeans.org/ns/editor-bookmarks/2" lastBookmarkId="0"/>
    <open-files xmlns="http://www.netbeans.org/ns/projectui-open-files/2">
        <group>
            <file>file:/D:/heloh/Documents/PROGRAMAÇÃO/PC2_Java/Trabalho6/src/Classes/Hospedagem.java</file>
            <file>file:/D:/heloh/Documents/PROGRAMAÇÃO/PC2_Java/Trabalho6/src/Classes/Tela.java</file>
            <file>file:/D:/heloh/Documents/PROGRAMAÇÃO/PC2_Java/Trabalho6/src/Classes/Cliente.java</file>
            <file>file:/D:/heloh/Documents/PROGRAMAÇÃO/PC2_Java/Trabalho6/src/Classes/Chale.java</file>
        </group>
    </open-files>
</project-private>
